framework,scenario,metric_name,median,mean,min,max,std_dev,total_runs,discarded_runs
Angular,initial-page-load,fcp,80,88,76,124,18.066543665017942,5,
Angular,initial-page-load,lcp,80,97.6,76,172,37.23224409030431,5,
Angular,initial-page-load,cls,0,0,0,0,0,5,
Angular,initial-page-load,tti,10.39999999999418,18.879999999998837,9.39999999999418,42.5,12.71933960550033,5,
Angular,initial-page-load,tbt,0,0,0,0,0,5,
Angular,initial-page-load,initial_heap_size,37300000,36860000,35100000,37300000,880000,5,
Angular,initial-page-load,initial_used_heap,18200000,17980000,17100000,18200000,440000,5,
Angular,initial-page-load,request_count,57,57,57,57,0,5,
Angular,initial-page-load,total_bytes,501415,501415,501415,501415,0,5,
Angular,initial-page-load,network_duration,1303,1320,1238,1404,59.37339471514156,5,
Angular,initial-page-load,largest_request,253122,253122,253122,253122,0,5,
Angular,initial-page-load,avg_api_response_time,15,10.6,1,19,7.552483035399683,5,
Angular,initial-page-load,total_navigation_time,600,605,585,652,24.511221919765646,5,
Angular,filter-application,filter_duration,112.39999999999418,115.6399999999965,103.89999999999418,139.20000000001164,12.319188284955372,5,
Angular,filter-application,total_filter_time,105,111.6,100,136,12.784365451597509,5,
Angular,filter-application,memory_delta,0,0,0,0,0,5,
Angular,filter-application,filtered_row_count,11,11,11,11,0,5,
Angular,filter-application,js_execution_time,112.39999999999418,115.6399999999965,103.89999999999418,139.20000000001164,12.319188284955372,5,
Angular,clear-filters,clear_duration,677.1000000000058,614.7599999999977,475.29999999998836,734.3999999999942,104.67959877646138,5,
Angular,clear-filters,total_clear_time,591,531,396,646,100.63995230523511,5,
Angular,clear-filters,memory_delta,0,0,0,0,0,5,
Angular,clear-filters,restored_row_count,50,50,50,50,0,5,
Angular,expand-collapse-description,expand_duration,106.60000000000582,110.16000000000932,105.5,116.90000000002328,5.001839661569401,5,
Angular,expand-collapse-description,expand_total_time,105,108.6,104,115,4.841487374764082,5,
Angular,expand-collapse-description,expand_cls_delta,0.000001980251736111111,0.000001980251736111111,0.000001980251736111111,0.000001980251736111111,0,5,
Angular,expand-collapse-description,collapse_duration,105,105.07999999999883,104.10000000000582,106.29999999998836,0.7704544113651612,5,
Angular,expand-collapse-description,collapse_total_time,103,103.4,102,105,1.019803902718557,5,
Angular,expand-collapse-description,collapse_cls_delta,0.000001980251736111111,0.000001980251736111111,0.000001980251736111111,0.000001980251736111111,0,5,
Angular,navigate-to-detail,total_navigation_time,190,180.2,103,213,40.23630201695976,5,
Angular,navigate-to-detail,detail_lcp,84,91.2,80,128,18.48675201326615,5,
Angular,navigate-to-detail,detail_cls,0,0,0,0,0,5,
Angular,navigate-to-detail,memory_delta,0,0,0,0,0,5,
Angular,navigate-to-detail,detail_request_count,4,4,4,4,0,5,
Angular,navigate-to-detail,detail_total_bytes,43674,43674,43674,43674,0,5,
Angular,navigate-back-to-list,total_back_navigation_time,1634,1546.2,1181,1650,182.75382348941432,5,
Angular,navigate-back-to-list,rendered_row_count,50,50,50,50,0,5,
Angular,navigate-back-to-list,memory_delta,0,0,0,0,0,5,
Angular,pagination-cycle,page_transition_1_next,368,368.2,289,443,49.37772777275195,5,
Angular,pagination-cycle,page_transition_1_next_js,384.4000000000233,393.11999999999534,313.69999999995343,486.4000000000233,55.401422364430125,5,
Angular,pagination-cycle,page_transition_2_next,311,306.4,279,344,23.69472515139182,5,
Angular,pagination-cycle,page_transition_2_next_js,330.20000000001164,324.08000000000465,297.4000000000233,362.0999999999767,23.953571758702502,5,
Angular,pagination-cycle,page_transition_3_previous,309,307.4,285,322,12.626955294131678,5,
Angular,pagination-cycle,page_transition_3_previous_js,328.70000000001164,325.9,302.1000000000349,340.70000000001164,13.37505140175721,5,
Angular,pagination-cycle,page_transition_4_previous,329,325.8,314,333,6.734983296193095,5,
Angular,pagination-cycle,page_transition_4_previous_js,350.70000000001164,345.6400000000023,332.79999999998836,353.3999999999651,8.300987893006925,5,
Angular,pagination-cycle,total_cycle_time,1675,1661.4,1559,1797,84.33409749324409,5,
Angular,pagination-cycle,total_cycle_js_time,1694.5,1679.359999999986,1579.2999999999884,1818.7999999999884,87.93387515628373,5,
Angular,pagination-cycle,avg_page_transition,333,326.95,301.5,351.5,18.831091311976586,5,
Angular,pagination-cycle,min_page_transition,309,299.4,279,315,15.2,5,
Angular,pagination-cycle,max_page_transition,368,376.2,329,443,37.7751240898028,5,
Angular,pagination-cycle,avg_api_response_time,19.75,17.45,0,25.5,9.175238416520848,5,
Angular,pagination-cycle,total_api_requests,4,4,4,4,0,5,
Angular,pagination-cycle,total_network_bytes,277755,277755,277755,277755,0,5,
Angular,pagination-cycle,memory_delta,0,0,0,0,0,5,
Angular,detail-navigation-cycle,initial_detail_load,673,672.8,669,677,2.7129319932501073,5,
Angular,detail-navigation-cycle,next_navigation_time,23,23.2,19,27,2.5612496949731396,5,
Angular,detail-navigation-cycle,next_navigation_js,26.29999999998836,26.619999999995343,22.79999999998836,31,2.6528475267176264,5,
Angular,detail-navigation-cycle,prev_navigation_time,11,14,9,25,5.865151319446072,5,
Angular,detail-navigation-cycle,prev_navigation_js,14,16.939999999990686,12.899999999965075,26.29999999998836,5.010628703068393,5,
Angular,detail-navigation-cycle,total_cycle_time,348,351,345,364,7.127411872482185,5,
Angular,detail-navigation-cycle,total_cycle_js_time,349.0999999999767,352.2600000000093,345.30000000004657,366,7.488818331349139,5,
Angular,detail-navigation-cycle,avg_navigation_time,17,18.6,14,26,4.091454509095757,5,
Angular,detail-navigation-cycle,avg_api_response_time,1.25,1.6,1.25,2.25,0.43588989435406733,5,
Angular,detail-navigation-cycle,total_api_requests,5,5,5,5,0,5,
Angular,detail-navigation-cycle,total_network_bytes,19742,19742,19742,19742,0,5,
Angular,detail-navigation-cycle,memory_delta,0,0,0,0,0,5,
React,initial-page-load,fcp,104,102.4,96,108,5.4258639865002145,5,
React,initial-page-load,lcp,104,102.4,96,108,5.4258639865002145,5,
React,initial-page-load,cls,0,0,0,0,0,5,
React,initial-page-load,tti,11,10.919999999995344,10.5,11.5,0.35440090293759163,5,
React,initial-page-load,tbt,0,0,0,0,0,5,
React,initial-page-load,initial_heap_size,10600000,10600000,10600000,10600000,0,5,
React,initial-page-load,initial_used_heap,10000000,10000000,10000000,10000000,0,5,
React,initial-page-load,request_count,54,54,54,54,0,5,
React,initial-page-load,total_bytes,450978,450978,450978,450978,0,5,
React,initial-page-load,network_duration,399,394.2,374,403,10.533755265810955,5,
React,initial-page-load,largest_request,261746,261746,261746,261746,0,5,
React,initial-page-load,avg_api_response_time,2,7.6,1,23,8.357032966310472,5,
React,initial-page-load,total_navigation_time,901,896,876,904,10.526157893552615,5,
React,filter-application,filter_duration,92.40000000002328,101.75999999998604,85.5,140.79999999998836,20.020049949986888,5,
React,filter-application,total_filter_time,92,99.2,84,132,16.998823488700623,5,
React,filter-application,memory_delta,0,0,0,0,0,5,
React,filter-application,filtered_row_count,11,11,11,11,0,5,
React,filter-application,js_execution_time,92.40000000002328,101.75999999998604,85.5,140.79999999998836,20.020049949986888,5,
React,clear-filters,clear_duration,355.20000000001164,359.179999999993,319,414.29999999998836,30.77118132278606,5,
React,clear-filters,total_clear_time,330,336.8,300,394,30.973537092169504,5,
React,clear-filters,memory_delta,0,0,0,0,0,5,
React,clear-filters,restored_row_count,50,50,50,50,0,5,
React,expand-collapse-description,expand_duration,104.10000000003492,104.54000000000232,103.59999999997672,107.19999999995343,1.3455110553031524,5,
React,expand-collapse-description,expand_total_time,103,102.8,102,104,0.7483314773547882,5,
React,expand-collapse-description,expand_cls_delta,0.000001980251736111111,0.000001980251736111111,0.000001980251736111111,0.000001980251736111111,0,5,
React,expand-collapse-description,collapse_duration,104.09999999997672,104.35999999999767,103.80000000004657,105,0.4923413449878518,5,
React,expand-collapse-description,collapse_total_time,103,102.8,102,104,0.7483314773547882,5,
React,expand-collapse-description,collapse_cls_delta,0.000001980251736111111,0.000001980251736111111,0.000001980251736111111,0.000001980251736111111,0,5,
React,navigate-to-detail,total_navigation_time,171,172.4,164,181,5.986651818838306,5,
React,navigate-to-detail,detail_lcp,100,103.2,88,136,17.045820602130014,5,
React,navigate-to-detail,detail_cls,0,0,0,0,0,5,
React,navigate-to-detail,memory_delta,0,0,0,0,0,5,
React,navigate-to-detail,detail_request_count,3,3,3,3,0,5,
React,navigate-to-detail,detail_total_bytes,23534,23534,23534,23534,0,5,
React,navigate-back-to-list,total_back_navigation_time,197,194.6,181,206,8.499411744350311,5,
React,navigate-back-to-list,rendered_row_count,50,50,50,50,0,5,
React,navigate-back-to-list,memory_delta,0,0,0,0,0,5,
React,pagination-cycle,page_transition_1_next,296,300.4,286,319,13.690872872099865,5,
React,pagination-cycle,page_transition_1_next_js,324.79999999998836,332.620000000007,313.5,360.30000000004657,16.60980433360766,5,
React,pagination-cycle,page_transition_2_next,272,254,193,316,45.71651780264984,5,
React,pagination-cycle,page_transition_2_next_js,296.20000000001164,313.060000000021,273.1000000000349,370.20000000001164,39.896345697314516,5,
React,pagination-cycle,page_transition_3_previous,309,300.8,249,330,27.257292602164288,5,
React,pagination-cycle,page_transition_3_previous_js,335.1000000000349,349.4800000000163,328.5,415.29999999998836,33.14853842930648,5,
React,pagination-cycle,page_transition_4_previous,308,317.4,295,345,21.37849386650051,5,
React,pagination-cycle,page_transition_4_previous_js,334.4000000000233,341.50000000001165,314,365.70000000001164,18.836454018736536,5,
React,pagination-cycle,total_cycle_time,1571,1567,1527,1596,23.85791273351464,5,
React,pagination-cycle,total_cycle_js_time,1590.2999999999884,1588.6600000000094,1560.5,1615.600000000035,18.839596598663324,5,
React,pagination-cycle,avg_page_transition,301,293.15,268.25,306.5,14.890936840910982,5,
React,pagination-cycle,min_page_transition,272,248.2,193,287,38.79896905846855,5,
React,pagination-cycle,max_page_transition,330,330.2,316,345,11.513470371699404,5,
React,pagination-cycle,avg_api_response_time,30.25,30.3,28,33,1.8934096228761488,5,
React,pagination-cycle,total_api_requests,4,4,4,4,0,5,
React,pagination-cycle,total_network_bytes,277755,277755,277755,277755,0,5,
React,pagination-cycle,memory_delta,0,0,0,0,0,5,
React,detail-navigation-cycle,initial_detail_load,670,671.2,665,680,4.955804677345547,5,
React,detail-navigation-cycle,next_navigation_time,14,15.8,12,20,3.4871191548325386,5,
React,detail-navigation-cycle,next_navigation_js,17.100000000034925,18.520000000018626,14.299999999988358,23.100000000034925,3.6880347070023896,5,
React,detail-navigation-cycle,prev_navigation_time,10,12.4,9,24,5.817215828899594,5,
React,detail-navigation-cycle,prev_navigation_js,13,15.220000000006985,11.100000000034925,27.100000000034925,6.017108940358463,5,
React,detail-navigation-cycle,total_cycle_time,336,341.4,332,359,9.624967532412771,5,
React,detail-navigation-cycle,total_cycle_js_time,337.80000000004657,342.4800000000047,333.29999999998836,360,9.531715480433979,5,
React,detail-navigation-cycle,avg_navigation_time,11.5,14.1,11,22,4.223742416388575,5,
React,detail-navigation-cycle,avg_api_response_time,1.5,1.6,1.25,2,0.2549509756796392,5,
React,detail-navigation-cycle,total_api_requests,5,5,5,5,0,5,
React,detail-navigation-cycle,total_network_bytes,19742,19742,19742,19742,0,5,
React,detail-navigation-cycle,memory_delta,0,0,0,0,0,5,
Svelte,initial-page-load,fcp,96,95.2,88,104,5.3065996645686395,5,
Svelte,initial-page-load,lcp,96,95.2,88,104,5.3065996645686395,5,
Svelte,initial-page-load,cls,0,0,0,0,0,5,
Svelte,initial-page-load,tti,12.900000000023283,13.159999999974389,11.899999999965075,14.899999999965075,1.0537551897814936,5,
Svelte,initial-page-load,tbt,0,0,0,0,0,5,
Svelte,initial-page-load,initial_heap_size,68000000,68000000,68000000,68000000,0,5,
Svelte,initial-page-load,initial_used_heap,42100000,42100000,42100000,42100000,0,5,
Svelte,initial-page-load,request_count,75,75,75,75,0,5,
Svelte,initial-page-load,total_bytes,307171,307171,307171,307171,0,5,
Svelte,initial-page-load,network_duration,929,946.2,899,998,36.01888393606887,5,
Svelte,initial-page-load,largest_request,69455,69455,69455,69455,0,5,
Svelte,initial-page-load,avg_api_response_time,2,2,0,3,1.0954451150103321,5,
Svelte,initial-page-load,total_navigation_time,605,605.8,597,615,7.222188034107115,5,
Svelte,filter-application,filter_duration,122.40000000002328,124.85999999999767,108.5,137.60000000003492,11.337301266181493,5,
Svelte,filter-application,total_filter_time,121,123.8,107,137,11.702991070662234,5,
Svelte,filter-application,memory_delta,0,0,0,0,0,5,
Svelte,filter-application,filtered_row_count,11,11,11,11,0,5,
Svelte,filter-application,js_execution_time,122.40000000002328,124.85999999999767,108.5,137.60000000003492,11.337301266181493,5,
Svelte,clear-filters,clear_duration,442,444.31999999999533,432.6000000000349,468.29999999998836,12.964474536210194,5,
Svelte,clear-filters,total_clear_time,422,423,411,447,13.16054710108968,5,
Svelte,clear-filters,memory_delta,0,0,0,0,0,5,
Svelte,clear-filters,restored_row_count,50,50,50,50,0,5,
Svelte,expand-collapse-description,expand_duration,105.80000000004657,111.21999999999534,105.19999999995343,120.90000000002328,7.04255635404943,5,
Svelte,expand-collapse-description,expand_total_time,105,109.8,104,119,6.734983296193095,5,
Svelte,expand-collapse-description,expand_cls_delta,0.000001980251736111111,0.000001980251736111111,0.000001980251736111111,0.000001980251736111111,0,5,
Svelte,expand-collapse-description,collapse_duration,106.40000000002328,106.62000000001862,105.89999999990687,107.90000000002328,0.6910861017465151,5,
Svelte,expand-collapse-description,collapse_total_time,105,104.8,104,106,0.7483314773547882,5,
Svelte,expand-collapse-description,collapse_cls_delta,0.000001980251736111111,0.000001980251736111111,0.000001980251736111111,0.000001980251736111111,0,5,
Svelte,navigate-to-detail,total_navigation_time,187,186.6,180,198,6.406246951218786,5,
Svelte,navigate-to-detail,detail_lcp,92,91.2,84,100,6.4,5,
Svelte,navigate-to-detail,detail_cls,0,0,0,0,0,5,
Svelte,navigate-to-detail,memory_delta,0,0,0,0,0,5,
Svelte,navigate-to-detail,detail_request_count,5,5,5,5,0,5,
Svelte,navigate-to-detail,detail_total_bytes,45587,45587,45587,45587,0,5,
Svelte,navigate-back-to-list,total_back_navigation_time,740,735.4,686,774,36.031097679643345,5,
Svelte,navigate-back-to-list,rendered_row_count,50,50,50,50,0,5,
Svelte,navigate-back-to-list,memory_delta,0,0,0,0,0,5,
Svelte,pagination-cycle,page_transition_1_next,312,313.2,300,322,7.756287771866126,5,
Svelte,pagination-cycle,page_transition_1_next_js,334.5,334.2799999999814,320.30000000004657,341.5,7.728492737881376,5,
Svelte,pagination-cycle,page_transition_2_next,326,320.4,292,342,20.915066339842195,5,
Svelte,pagination-cycle,page_transition_2_next_js,346,340.19999999997674,311.79999999993015,365,22.105836333420793,5,
Svelte,pagination-cycle,page_transition_3_previous,300,298.2,281,312,10.4,5,
Svelte,pagination-cycle,page_transition_3_previous_js,321.30000000004657,317.32000000001864,299,329.5,10.856039793588236,5,
Svelte,pagination-cycle,page_transition_4_previous,291,292.8,284,305,6.823488843692792,5,
Svelte,pagination-cycle,page_transition_4_previous_js,309.5999999999767,311.71999999997206,303.5,325.4000000000233,7.296958270418204,5,
Svelte,pagination-cycle,total_cycle_time,1543,1538.2,1497,1563,24.99919998719959,5,
Svelte,pagination-cycle,total_cycle_js_time,1563.7000000000698,1559.1199999999953,1497.7999999999302,1597.3000000000466,34.2376050564725,5,
Svelte,pagination-cycle,avg_page_transition,306.5,306.15,299,315.75,5.573598478541489,5,
Svelte,pagination-cycle,min_page_transition,291,290.6,281,304,8.01498596380555,5,
Svelte,pagination-cycle,max_page_transition,326,330.4,320,342,9.666436778875656,5,
Svelte,pagination-cycle,avg_api_response_time,30.75,29.75,27.75,31,1.3509256086106296,5,
Svelte,pagination-cycle,total_api_requests,4,4,4,4,0,5,
Svelte,pagination-cycle,total_network_bytes,277755,277755,277755,277755,0,5,
Svelte,pagination-cycle,memory_delta,0,0,0,0,0,5,
Svelte,detail-navigation-cycle,initial_detail_load,674,673.2,663,678,5.344155686354955,5,
Svelte,detail-navigation-cycle,next_navigation_time,14,14.4,13,16,1.0198039027185568,5,
Svelte,detail-navigation-cycle,next_navigation_js,16.900000000023283,16.020000000018626,13.70000000006985,17,1.2921300243951364,5,
Svelte,detail-navigation-cycle,prev_navigation_time,12,11.2,8,14,2.0396078054371136,5,
Svelte,detail-navigation-cycle,prev_navigation_js,13.699999999953434,12.579999999981373,9.400000000023283,14.79999999993015,2.0701690751862984,5,
Svelte,detail-navigation-cycle,total_cycle_time,337,337,334,341,2.756809750418044,5,
Svelte,detail-navigation-cycle,total_cycle_js_time,338.29999999993015,338.05999999996277,335,341.5999999999767,2.634843448854929,5,
Svelte,detail-navigation-cycle,avg_navigation_time,13,12.8,11,14,1.0295630140987,5,
Svelte,detail-navigation-cycle,avg_api_response_time,1.5,1.35,0.75,1.75,0.3391164991562634,5,
Svelte,detail-navigation-cycle,total_api_requests,5,5,5,5,0,5,
Svelte,detail-navigation-cycle,total_network_bytes,19742,19742,19742,19742,0,5,
Svelte,detail-navigation-cycle,memory_delta,0,0,0,0,0,5,
Solid,initial-page-load,fcp,92,92.8,88,96,2.993325909419153,5,
Solid,initial-page-load,lcp,92,92.8,88,96,2.993325909419153,5,
Solid,initial-page-load,cls,0,0,0,0,0,5,
Solid,initial-page-load,tti,11.79999999993015,11.119999999995343,9,12.699999999953434,1.421829806963683,5,
Solid,initial-page-load,tbt,0,0,0,0,0,5,
Solid,initial-page-load,initial_heap_size,81400000,81400000,81400000,81400000,0,5,
Solid,initial-page-load,initial_used_heap,50400000,50400000,50400000,50400000,0,5,
Solid,initial-page-load,request_count,54,54,54,54,0,5,
Solid,initial-page-load,total_bytes,257259,257259,257259,257259,0,5,
Solid,initial-page-load,network_duration,514,513.8,505,520,5.230678732248808,5,
Solid,initial-page-load,largest_request,70965,70965,70965,70965,0,5,
Solid,initial-page-load,avg_api_response_time,38,38,36,39,1.0954451150103321,5,
Solid,initial-page-load,total_navigation_time,1016,1016,1008,1022,4.898979485566356,5,
Solid,filter-application,filter_duration,77.90000000002328,81.32000000001862,70.80000000004657,103.59999999997672,11.45589804421759,5,
Solid,filter-application,total_filter_time,77,80.6,70,103,11.49956520917204,5,
Solid,filter-application,memory_delta,0,0,0,0,0,5,
Solid,filter-application,filtered_row_count,11,11,11,11,0,5,
Solid,filter-application,js_execution_time,77.90000000002328,81.32000000001862,70.80000000004657,103.59999999997672,11.45589804421759,5,
Solid,clear-filters,clear_duration,207.90000000002328,209.6399999999907,202.69999999995343,217.5,5.318496028007789,5,
Solid,clear-filters,total_clear_time,207,208.4,202,216,5.0039984012787215,5,
Solid,clear-filters,memory_delta,0,0,0,0,0,5,
Solid,clear-filters,restored_row_count,50,50,50,50,0,5,
Solid,expand-collapse-description,expand_duration,105.5,104.93999999999069,103.30000000004657,106,1.024890238010432,5,
Solid,expand-collapse-description,expand_total_time,104,103.6,102,105,1.019803902718557,5,
Solid,expand-collapse-description,expand_cls_delta,0.000001980251736111111,0.000001980251736111111,0.000001980251736111111,0.000001980251736111111,0,5,
Solid,expand-collapse-description,collapse_duration,105.40000000002328,105.58000000000466,105,106.5,0.5306599664658146,5,
Solid,expand-collapse-description,collapse_total_time,104,104,103,105,0.6324555320336759,5,
Solid,expand-collapse-description,collapse_cls_delta,0.000001980251736111111,0.000001980251736111111,0.000001980251736111111,0.000001980251736111111,0,5,
Solid,navigate-to-detail,total_navigation_time,170,166.8,150,173,8.518215775618744,5,
Solid,navigate-to-detail,detail_lcp,92,91.2,88,96,2.9933259094191533,5,
Solid,navigate-to-detail,detail_cls,0,0,0,0,0,5,
Solid,navigate-to-detail,memory_delta,0,0,0,0,0,5,
Solid,navigate-to-detail,detail_request_count,3,3,3,3,0,5,
Solid,navigate-to-detail,detail_total_bytes,23534,23534,23534,23534,0,5,
Solid,navigate-back-to-list,total_back_navigation_time,281,280.6,265,302,12.690153663372245,5,
Solid,navigate-back-to-list,rendered_row_count,50,50,50,50,0,5,
Solid,navigate-back-to-list,memory_delta,0,0,0,0,0,5,
Solid,pagination-cycle,page_transition_1_next,320,344.6,298,442,52.93618800027066,5,
Solid,pagination-cycle,page_transition_1_next_js,415.19999999995343,423.75999999996276,399.29999999993015,451.39999999990687,22.212663055105036,5,
Solid,pagination-cycle,page_transition_2_next,254,271,249,348,38.55385843206877,5,
Solid,pagination-cycle,page_transition_2_next_js,350.69999999995343,347.71999999999537,341.0999999999767,353.9000000000233,5.313529900187576,5,
Solid,pagination-cycle,page_transition_3_previous,241,278,230,347,50.58458263146984,5,
Solid,pagination-cycle,page_transition_3_previous_js,337.69999999995343,336.2999999999767,321.89999999990687,350.4000000000233,9.347299075168275,5,
Solid,pagination-cycle,page_transition_4_previous,217,231.2,208,291,30.544393920980006,5,
Solid,pagination-cycle,page_transition_4_previous_js,293.4000000000233,302.04000000001395,288.4000000000233,323.19999999995343,13.728452206979249,5,
Solid,pagination-cycle,total_cycle_time,1490,1486.8,1429,1524,31.720025220670934,5,
Solid,pagination-cycle,total_cycle_js_time,1504.5,1498.2799999999813,1445.4000000000233,1525.7999999999302,28.030797348604988,5,
Solid,pagination-cycle,avg_page_transition,276.75,281.2,250.25,329.75,26.8218194759416,5,
Solid,pagination-cycle,min_page_transition,217,223.8,208,254,16.33891061240008,5,
Solid,pagination-cycle,max_page_transition,348,360,305,442,44.86869732898427,5,
Solid,pagination-cycle,avg_api_response_time,27,27.15,23.75,30.25,2.552449803620044,5,
Solid,pagination-cycle,total_api_requests,4,4,4,4,0,5,
Solid,pagination-cycle,total_network_bytes,277755,277755,277755,277755,0,5,
Solid,pagination-cycle,memory_delta,0,0,0,0,0,5,
Solid,detail-navigation-cycle,initial_detail_load,651,654.4,647,663,6.374950980203691,5,
Solid,detail-navigation-cycle,next_navigation_time,11,10.8,9,12,1.16619037896906,5,
Solid,detail-navigation-cycle,next_navigation_js,12.099999999976717,11.8,9.699999999953434,14,1.4628738838407374,5,
Solid,detail-navigation-cycle,prev_navigation_time,9,9.2,8,11,0.9797958971132712,5,
Solid,detail-navigation-cycle,prev_navigation_js,10.400000000023283,10.68000000002794,9.5,12.100000000093132,0.9173875953005699,5,
Solid,detail-navigation-cycle,total_cycle_time,331,330.8,326,334,2.7856776554368237,5,
Solid,detail-navigation-cycle,total_cycle_js_time,332.0999999999767,332.04000000001395,327.5999999999767,334.9000000000233,2.5088642849056724,5,
Solid,detail-navigation-cycle,avg_navigation_time,10,10,8.5,11.5,1,5,
Solid,detail-navigation-cycle,avg_api_response_time,2,1.95,1.5,2.5,0.4,5,
Solid,detail-navigation-cycle,total_api_requests,5,5,5,5,0,5,
Solid,detail-navigation-cycle,total_network_bytes,19742,19742,19742,19742,0,5,
Solid,detail-navigation-cycle,memory_delta,0,0,0,0,0,5,
Lit,initial-page-load,fcp,100,99.2,92,104,3.919183588453085,5,
Lit,initial-page-load,lcp,100,99.2,92,104,3.919183588453085,5,
Lit,initial-page-load,cls,0,0,0,0,0,5,
Lit,initial-page-load,tti,12.5,12.179999999981373,9.79999999993015,13.599999999976717,1.3392535234328093,5,
Lit,initial-page-load,tbt,0,0,0,0,0,5,
Lit,initial-page-load,initial_heap_size,16100000,15740000,15200000,16100000,440908.15370097203,5,
Lit,initial-page-load,initial_used_heap,10000000,10000000,10000000,10000000,0,5,
Lit,initial-page-load,request_count,54,54,54,54,0,5,
Lit,initial-page-load,total_bytes,265418,265418,265418,265418,0,5,
Lit,initial-page-load,network_duration,504,502.8,490,512,7.222188034107115,5,
Lit,initial-page-load,largest_request,90546,90546,90546,90546,0,5,
Lit,initial-page-load,avg_api_response_time,29,32.6,26,41,6.151422599691879,5,
Lit,initial-page-load,total_navigation_time,1006,1005.2,991,1016,8.182909018191515,5,
Lit,filter-application,filter_duration,131.40000000002328,136.40000000002328,121.30000000004657,164.80000000004657,15.36111975086599,5,
Lit,filter-application,total_filter_time,129,133.6,121,164,15.551205741035002,5,
Lit,filter-application,memory_delta,0,0,0,0,0,5,
Lit,filter-application,filtered_row_count,11,11,11,11,0,5,
Lit,filter-application,js_execution_time,131.40000000002328,136.40000000002328,121.30000000004657,164.80000000004657,15.36111975086599,5,
Lit,clear-filters,clear_duration,459.9000000000233,439.9,372.70000000006985,465.0999999999767,34.91549799154599,5,
Lit,clear-filters,total_clear_time,424,413.2,350,440,32.73163607276606,5,
Lit,clear-filters,memory_delta,0,0,0,0,0,5,
Lit,clear-filters,restored_row_count,50,50,50,50,0,5,
Lit,expand-collapse-description,expand_duration,106.90000000002328,107.1,106.19999999995343,108.30000000004657,0.7127411872815387,5,
Lit,expand-collapse-description,expand_total_time,105,105.6,105,107,0.8,5,
Lit,expand-collapse-description,expand_cls_delta,0.000001980251736111111,0.000001980251736111111,0.000001980251736111111,0.000001980251736111111,0,5,
Lit,expand-collapse-description,collapse_duration,107.5,107.4399999999674,106.29999999993015,109,1.0461357464772703,5,
Lit,expand-collapse-description,collapse_total_time,106,106,105,107,0.8944271909999159,5,
Lit,expand-collapse-description,collapse_cls_delta,0.000001980251736111111,0.000001980251736111111,0.000001980251736111111,0.000001980251736111111,0,5,
Lit,navigate-to-detail,total_navigation_time,170,172.2,164,187,7.782030583337487,5,
Lit,navigate-to-detail,detail_lcp,88,86.4,84,88,1.9595917942265424,5,
Lit,navigate-to-detail,detail_cls,0,0,0,0,0,5,
Lit,navigate-to-detail,memory_delta,0,0,0,0,0,5,
Lit,navigate-to-detail,detail_request_count,5,5,5,5,0,5,
Lit,navigate-to-detail,detail_total_bytes,25714,25714,25714,25714,0,5,
Lit,navigate-back-to-list,total_back_navigation_time,339,346,335,373,14,5,
Lit,navigate-back-to-list,rendered_row_count,50,50,50,50,0,5,
Lit,navigate-back-to-list,memory_delta,0,0,0,0,0,5,
Lit,pagination-cycle,page_transition_1_next,346,337,309,350,14.99333185119305,5,
Lit,pagination-cycle,page_transition_1_next_js,376.4000000000233,361.9800000000279,309.5999999999767,395.60000000009313,30.61518577441455,5,
Lit,pagination-cycle,page_transition_2_next,372,386.4,358,434,26.941417928535238,5,
Lit,pagination-cycle,page_transition_2_next_js,400.5,418.61999999999534,397.80000000004657,458.80000000004657,24.957115217920684,5,
Lit,pagination-cycle,page_transition_3_previous,371,373.8,343,408,21.866869917754578,5,
Lit,pagination-cycle,page_transition_3_previous_js,395.5999999999767,400.8199999999721,380.5,432.5999999999767,18.251619106261593,5,
Lit,pagination-cycle,page_transition_4_previous,362,365.6,353,391,13.646977687385585,5,
Lit,pagination-cycle,page_transition_4_previous_js,388,392.95999999998605,374.5,413.5,13.275481158889201,5,
Lit,pagination-cycle,total_cycle_time,1886,1886.2,1877,1897,6.368673331236264,5,
Lit,pagination-cycle,total_cycle_js_time,1916.9000000000233,1916.5999999999767,1908.5,1923.8999999999069,6.086706827154253,5,
Lit,pagination-cycle,avg_page_transition,359.75,365.7,356.25,379.75,10.08265837961398,5,
Lit,pagination-cycle,min_page_transition,343,336.4,309,350,14.677874505527019,5,
Lit,pagination-cycle,max_page_transition,372,387.2,362,434,26.13350340080717,5,
Lit,pagination-cycle,avg_api_response_time,22.5,22.65,19.5,25.25,1.9013153341831543,5,
Lit,pagination-cycle,total_api_requests,4,4,4,4,0,5,
Lit,pagination-cycle,total_network_bytes,277755,277755,277755,277755,0,5,
Lit,pagination-cycle,memory_delta,0,0,0,0,0,5,
Lit,detail-navigation-cycle,initial_detail_load,638,636.8,629,641,4.1182520563948,5,
Lit,detail-navigation-cycle,next_navigation_time,17,15.4,8,23,5.607138307550474,5,
Lit,detail-navigation-cycle,next_navigation_js,20.5,18.519999999995342,10.900000000023283,25.900000000023283,5.645670907870888,5,
Lit,detail-navigation-cycle,prev_navigation_time,12,11.2,7,13,2.1354156504062622,5,
Lit,detail-navigation-cycle,prev_navigation_js,13.79999999993015,12.539999999990687,7.5,14,2.5231726060613435,5,
Lit,detail-navigation-cycle,total_cycle_time,340,338.2,332,342,4.019950248448356,5,
Lit,detail-navigation-cycle,total_cycle_js_time,342.60000000009313,339.3600000000326,332.10000000009313,343.0999999999767,4.5106983937983935,5,
Lit,detail-navigation-cycle,avg_navigation_time,14.5,13.3,10,16,2.3579652245103193,5,
Lit,detail-navigation-cycle,avg_api_response_time,1.75,1.55,1,1.75,0.291547594742265,5,
Lit,detail-navigation-cycle,total_api_requests,5,5,5,5,0,5,
Lit,detail-navigation-cycle,total_network_bytes,19742,19742,19742,19742,0,5,
Lit,detail-navigation-cycle,memory_delta,0,0,0,0,0,5,